{
    "left":[
	[
        0.5878775382679627,
        0.5137571022898435,
        0.6737306906162587,
        0.4270019008227399,
        0.5709223948597401,
        0.545087858007184,
        0.6145365509176757
    ],
    [
        0.6413600572258105,
        0.5223513171175265,
        0.7336701301664074,
        0.3047770358253259,
        0.610123075840197,
        0.5389427403755911,
        0.6158684482023158
    ],
    [
        0.4696682183138621,
        0.4272654689219138,
        0.5785615635660128,
        0.398076436572646,
        0.5503054919349629,
        0.5765227806635579,
        0.5191519205180118
    ],
    [
        0.5850402104407747,
        0.5036207236676837,
        0.6872111149803071,
        0.3179868040794016,
        0.5734768702326749,
        0.4945402831274682,
        0.5558075383478992
    ],
    [
        0.5350322812548162,
        0.44616761823791723,
        0.5787863336516663,
        0.3087503114075603,
        0.5729657169776369,
        0.46088271559117977,
        0.463172150793442
    ],
    [
        0.45876064700241437,
        0.41175263191029815,
        0.47778143173328136,
        0.41502708970224617,
        0.4871223004474547,
        0.5798762351115648,
        0.49666877675017773
    ],
    [
        0.5715476066494083,
        0.4999489873997551,
        0.5935375876628296,
        0.390757707649457,
        0.4985185152621431,
        0.4311333864510915,
        0.5516787984481449
    ]
    ],
	"right":[
	[
        0.5878775382679627,
        0.5137571022898435,
        0.6737306906162587,
        0.4270019008227399,
        0.5709223948597401,
        0.545087858007184,
        0.6145365509176757
    ],
    [
        0.6413600572258105,
        0.5223513171175265,
        0.7336701301664074,
        0.3047770358253259,
        0.610123075840197,
        0.5389427403755911,
        0.6158684482023158
    ],
    [
        0.4696682183138621,
        0.4272654689219138,
        0.5785615635660128,
        0.398076436572646,
        0.5503054919349629,
        0.5765227806635579,
        0.5191519205180118
    ],
    [
        0.5850402104407747,
        0.5036207236676837,
        0.6872111149803071,
        0.3179868040794016,
        0.5734768702326749,
        0.4945402831274682,
        0.5558075383478992
    ],
    [
        0.5350322812548162,
        0.44616761823791723,
        0.5787863336516663,
        0.3087503114075603,
        0.5729657169776369,
        0.46088271559117977,
        0.463172150793442
    ],
    [
        0.45876064700241437,
        0.41175263191029815,
        0.47778143173328136,
        0.41502708970224617,
        0.4871223004474547,
        0.5798762351115648,
        0.49666877675017773
    ],
    [
        0.5715476066494083,
        0.4999489873997551,
        0.5935375876628296,
        0.390757707649457,
        0.4985185152621431,
        0.4311333864510915,
        0.5516787984481449
    ]
    ]
}